"Title","Date","Rating","Review"
"Start with lower settings","2022-10-16","4","Less is more with this graphics card. When I first got it, I cranked everything to ultra settings immediately. The temps got way too high and performance suffered. But this was also when the card just came out and drivers weren't optimized. It's powerful and long lasting once you find the right balance. Just be conservative with your overclock settings"
"No Title","2019-02-10","5","One of my favorite gaming mice I prefer this over the Razer DeathAdder any day of the week. It doesn't feel heavy at all and it looks so sleek on my desk setup"
"No Title","2019-02-09","3","Not the worst budget gaming headset, not the best one though. Works beautifully for single player games and casual voice chat, but if you're doing competitive FPS games the audio positioning isn't that precise. The microphone is also not as clear as I would like it to be."
"Perfect for Casual Gaming","2018-03-28","5","As a mom of 3 little kids with a full time job, gaming time is a luxury. This Nintendo Switch makes it easy and feasible since I can play during my lunch break! I now have multiple games and they all run fantastic!"
"Excellent mechanical keyboard","2017-07-21","5","This keyboard actually provides great tactile feedback. The RGB lighting is vibrant and customizable that will look good with any gaming setup. The switches feel amazing and the build quality is solid. The keyboard has lasted a good year without any key issues even though I'm not particularly careful with my gear. Would definitely recommend this product."
"No Title","2020-04-01","2","This gaming chair is not terrible but the armrests, for me, are terrible. I have very broad shoulders and the armrests are narrow and uncomfortable. I'm not a fan of fixed armrests. It's difficult to find a comfortable position and I feel they become squeaky over time."
"Amazing game","2017-07-20","5","I love this RPG and it has kept me engaged very well throughout my busy schedule like managing work, family time, and even when I only have short gaming sessions. The story is incredibly well done."
"Great Racing Wheel","2018-08-07","4","Very nice and responsive force feedback with a very realistic driving feel. Just a tad more expensive than my budget initially allowed, but it's worth every penny. I use it with multiple racing sims and it adds so much immersion. I'm used to controller gaming so I can't say it really improves lap times immediately but it's on the simulation side and feels authentic for at least a few hours of racing. Especially if you're into realistic racing games."
"Controller Perfection","2017-07-16","5","This gamepad is so durable. Most controllers just develop stick drift. I game a lot and have not had an issue with this controller breaking down. I also tend to see button issues after heavy use but that did not happen with this controller. Definitely recommend. The build quality is solid and gives a premium comfortable feel."
"Amazing SSD","2022-07-10","5","So fast and loads games in seconds! With this I can boot into my favorite games in a matter of moments! I love this storage upgrade and will always buy Samsung SSDs"
"No Title","2019-11-20","5","My favorite graphics card, it gives amazing performance and is very easy to install. Very powerful and runs cool. Love it I always recommend NVIDIA cards."
"LOVE LOVE LOVE!!","2017-07-19","5","I've always had a hard time getting gaming gear that won't break on me because I have a very active gaming lifestyle with competitive matches and can be a little rough on my equipment. I love getting high-end peripherals but it's too much an expense and the process is too long for me to research everything. This gaming bundle was great because it was so easy and there was no hassle with compatibility but I had the performance and durability like I'd bought premium gear separately. I can't wait to pick out my next game and play it!"
"The best monitor","2018-07-25","5","I've tried multiple gaming monitors and always use this one after that comparison and always keep the same recommendation"
"Beautiful display","2020-12-07","5","Perfect colors. High refresh rate. Perfect viewing angles. A must have for gaming"
"Not ideal for competitive gaming","2018-07-25","3","Performance was exactly as expected. Frame rates hold reasonably well. I found I didn't like the input lag. I'm into competitive FPS and my reaction times aren't as sharp as they were when I was in my teens. This monitor really amplifies the delay and makes my gameplay appear far slower than it looks on my friend's setup. Perhaps this monitor would be fine for casual gaming, but I do not recommend it for someone into competitive gaming who isn't using other optimization tweaks. Adding a gaming mode helped a bit, but it also made the colors less vibrant."
"Beautiful yet Practical","2017-11-03","5","The gaming laptop runs games smoothly and efficiently. It boots quickly, so it doesn't keep me waiting for long periods of time. The cooling system keeps temperatures low that makes the performance stay consistent much longer and last longer gaming sessions. I would highly recommend this gaming laptop to anyone who wants great performance but leads a mobile lifestyle."
"My setup looks perfect immediately!","2017-07-27","5","I love how easy this RGB lighting kit is to install and configure. It goes on smoothly and looks great even with just the default settings.
The colors are rich and vibrant and last longer than any other RGB setup that I've used.
The software adds more customization options, and helps to sync everything perfectly!
This RGB lighting kit is now my favorite way to enhance my gaming setup :)"
"Overpriced but worth it","2023-01-15","4","This gaming mousepad is expensive for what it is, but the surface is incredibly smooth and consistent. My mouse tracking has never been better. The stitched edges prevent fraying and it's held up well after 6 months of heavy use."
"Best FPS game ever","2022-08-20","5","This tactical shooter has ruined every other FPS for me. The gunplay is so tight and satisfying. Every death feels like a learning experience rather than frustration. The community can be toxic but the gameplay is unmatched."
"Terrible customer service","2021-04-12","2","The wireless earbuds themselves are decent for gaming, low latency and good sound quality. But when one stopped working after 3 months, customer service was completely unhelpful. Took weeks to get a replacement."
"Perfect for streaming","2020-11-08","5","This capture card works flawlessly for streaming console games to Twitch. Setup was easier than expected and the video quality is crystal clear. No noticeable input lag which was my main concern."
"Battery life could be better","2019-07-03","3","The wireless gaming mouse feels great and the sensor is accurate, but the battery barely lasts a day of heavy gaming. Constantly having to charge it gets annoying. Wired mode works fine though."
"Game of the year material","2023-06-14","5","This open world RPG is absolutely massive and every quest feels meaningful. The character progression is deep and the story kept me hooked for over 100 hours. Best single player experience I've had in years."
"Too expensive for what it is","2022-03-18","2","This gaming desk is well built but way overpriced. You can get similar quality for half the price elsewhere. The cable management is nice but not worth the premium they're charging."
"Perfect size monitor","2021-09-25","5","27 inches is the sweet spot for gaming. 1440p looks crisp and the 144hz makes everything buttery smooth. The HDR isn't amazing but it's good enough for the price point."
"Disappointing sequel","2020-05-30","3","The original was one of my favorite games ever, so maybe my expectations were too high. This sequel feels rushed and the story doesn't hit the same emotional beats. Still fun but not what I hoped for."
"Great for the price","2019-12-11","4","Budget mechanical keyboard that punches above its weight. The switches aren't Cherry MX but they feel good enough. RGB is basic but functional. Perfect starter keyboard for someone new to mechanicals."
"Incredible VR experience","2023-02-28","5","This VR headset completely blew me away. The immersion is unlike anything I've experienced before. Graphics are sharp and tracking is spot on. Can't wait to see what games come out next."
"Audio quality is amazing","2022-11-07","5","These gaming headphones have the best sound quality I've ever heard. The bass is punchy without being overwhelming and the highs are crystal clear. Comfort could be better for long sessions though."
"Not worth the hype","2021-08-16","3","Everyone was raving about this indie game but I found it pretty boring. The art style is nice and the music is good but the gameplay loop gets repetitive quickly. Maybe I'm missing something."
"Perfect controller for PC","2020-02-21","5","This gamepad works great with Steam and has excellent build quality. The analog sticks have just the right amount of resistance and the D-pad is crisp. Battery life is solid too."
"Overheating issues","2019-10-04","2","This gaming laptop gets way too hot during intensive games. The fans sound like a jet engine and the performance throttles after 30 minutes. Cooling pad helps but shouldn't be necessary."
"Best racing game ever","2023-04-09","5","The physics in this racing sim are incredibly realistic. Every car feels unique and the track selection is massive. The learning curve is steep but so rewarding when you finally nail a perfect lap."
"Solid budget option","2022-07-22","4","For the price, this gaming chair offers good value. It's not as premium as the expensive brands but it's comfortable for 4-5 hour sessions. Assembly was straightforward and it feels sturdy."
"Amazing story and characters","2021-06-15","5","This narrative adventure game had me crying by the end. The voice acting is phenomenal and the character development is some of the best I've seen. Not much gameplay but the story carries it."
"Poor quality control","2020-09-12","2","Two of these gaming mice arrived with defective scroll wheels. The third one worked fine for about a month before the left click started double clicking. Seems like a common issue based on reviews."
"Great for productivity too","2019-05-28","4","Bought this ultrawide monitor primarily for gaming but it's been amazing for work as well. Having multiple windows side by side is so convenient. Gaming looks incredible with the extra FOV."
"Too difficult for me","2023-03-17","3","This souls-like game is probably great if you enjoy extreme difficulty, but I found it more frustrating than fun. The atmosphere and design are incredible but I don't have the patience for the constant deaths."
"Perfect gaming microphone","2022-09-03","5","Crystal clear audio quality that makes me sound professional on Discord. The noise cancellation works great and setup was plug and play. Much better than the mic on my headset."
"Disappointing performance","2021-11-19","2","Expected much better performance from this graphics card for the price. Struggles to maintain 60fps on high settings in newer games. My previous generation card performed similarly for half the cost."
"Addictive multiplayer","2020-07-26","5","This battle royale game has completely taken over my free time. The gunplay feels great and the building mechanic adds a unique strategic element. Learning curve is brutal but so satisfying."
"Excellent build quality","2019-08-14","5","This mechanical keyboard feels like it could survive a nuclear war. The key switches are incredibly satisfying and the aluminum construction is rock solid. Worth every penny for a daily driver."
"Battery died too quickly","2023-05-11","3","The wireless functionality is great when it works, but the battery degraded noticeably after just 6 months. Now I have to keep it plugged in most of the time which defeats the purpose."
"Best RPG combat system","2022-04-06","5","The turn-based combat in this JRPG is so deep and strategic. Every battle feels like a puzzle to solve. The story is epic and the soundtrack is absolutely gorgeous. A true masterpiece."
"Overpriced for features","2021-01-23","2","This gaming router costs three times more than regular routers but the gaming features are mostly marketing gimmicks. My internet speed and ping are barely different from my old router."
"Perfect for couch gaming","2020-08-17","4","This wireless controller has excellent range and the battery lasts for days. Great for playing Steam games on my TV from across the room. Build quality feels premium and it's very comfortable."
"Terrible launch state","2019-11-02","2","This game was clearly rushed to meet a deadline. Bugs everywhere, terrible performance, and half the promised features are missing. Might be good in a year after patches but avoid for now."
"Amazing value proposition","2023-01-29","5","This gaming bundle includes everything you need to get started. The keyboard, mouse, and headset all feel quality and work great together. Perfect for someone building their first gaming setup."
"Incredible flight sim","2022-06-12","5","The realism in this flight simulator is mind blowing. Flying over my actual house and seeing it accurately modeled is surreal. The weather system and aircraft physics are incredibly detailed."
"Poor durability","2021-03-05","2","This gaming headset started falling apart after just 4 months. The plastic hinges cracked and the padding compressed completely. Sound quality was good while it lasted but build quality is awful."
"Best platformer in years","2020-10-18","5","This indie platformer has some of the tightest controls I've ever experienced. The level design is brilliant and the difficulty curve is perfectly balanced. Speedrunning this game is incredibly addictive."
"Laggy wireless connection","2019-06-09","3","The wired mode works great but the wireless has noticeable input lag that makes competitive gaming difficult. Battery life is decent but the connection drops occasionally during intense gameplay."
"Stunning visual upgrade","2023-07-04","5","This remastered collection looks absolutely gorgeous on modern hardware. The art direction was already fantastic but the improved lighting and textures make it feel like a new experience."
"Too many microtransactions","2022-12-20","2","The core gameplay is fun but the aggressive monetization ruins the experience. Everything cool is locked behind a paywall and progression without spending money is painfully slow."
"Perfect desk setup","2021-07-31","4","This monitor arm freed up so much desk space and the adjustability is excellent. Installation was a bit tricky but worth it for the clean setup. Holds my monitors rock solid with no wobble."
"Incredible sound design","2020-12-24","5","The audio in this horror game is absolutely terrifying. Playing with good headphones in the dark is an unforgettable experience. The way they use sound to build tension is masterful."
"Poor Linux support","2019-09-15","3","The hardware is great but driver support on Linux is terrible. Frequent crashes and missing features compared to Windows. Great mouse if you only use Windows though."
"Amazing co-op experience","2023-02-11","5","Playing this puzzle platformer with friends is some of the most fun I've had gaming. The cooperation mechanics are brilliant and the humor keeps everyone laughing. Perfect party game."
"Overheating after warranty","2022-05-24","2","Worked great for exactly 13 months then started overheating constantly. Convenient timing right after the warranty expired. Customer support was unhelpful and repair costs more than replacement."
"Perfect size and weight","2021-12-08","4","This gaming mouse fits my hand perfectly and the weight is ideal for my grip style. The sensor is incredibly accurate and the side buttons are well positioned. Cable could be more flexible."
"Disappointing story mode","2020-04-03","3","The multiplayer is fantastic but the single player campaign feels like an afterthought. Generic story with forgettable characters. Worth it for multiplayer alone but story mode is skippable."
"Great starter headset","2019-12-30","4","For someone new to gaming headsets this offers good value. Sound quality is decent and it's comfortable for shorter sessions. Not audiophile quality but perfect for casual gaming."
"Incredible physics engine","2023-08-19","5","The destruction in this game is absolutely mind blowing. Every explosion feels impactful and the way buildings collapse is so realistic. The gameplay is solid but the physics steal the show."
"Too heavy for long use","2022-01-14","3","This gaming laptop has incredible performance but it's a brick. Weighs over 8 pounds and the power brick is massive. Fine for stationary use but forget about actually using it on your lap."
"Perfect fighting game","2021-05-07","5","The mechanics in this fighter are so deep and rewarding to master. Online netcode is excellent and the character roster is diverse. This will be my main game for years to come."
"Terrible quality control","2020-11-11","1","Three units arrived with different defects. First had dead pixels, second had backlight bleeding, third had a stuck button. Finally got a working one on the fourth try. Unacceptable."
"Amazing creativity tools","2019-07-18","5","This sandbox game has unlimited potential for creativity. I've spent hundreds of hours building elaborate contraptions and the mod support extends the experience infinitely. Pure digital LEGO."
"Solid wireless performance","2023-04-21","4","Finally a wireless gaming mouse that doesn't feel like a compromise. Latency is imperceptible and the battery lasts weeks. A bit expensive but worth it for the freedom from cables."
"Repetitive gameplay loop","2022-10-15","3","The graphics and world design are beautiful but the quests become very repetitive quickly. It's essentially the same few mission types repeated ad nauseam. Gets boring after 20 hours."
"Perfect streaming setup","2021-08-28","5","This lighting kit makes my streams look so much more professional. The RGB backlighting eliminates harsh shadows and the key light makes me look great on camera. Easy to set up and control."
"Poor customer support","2020-06-19","2","The product itself is fine but when I had an issue, customer support was completely useless. Took weeks to get a response and they basically told me tough luck. Avoid this company."
"Best racing wheel available","2019-10-22","5","The force feedback on this wheel is incredibly realistic. You can feel every bump in the road and the weight distribution changes through corners. Expensive but worth every penny for sim racing."
"Great party game","2023-06-03","4","This local multiplayer game is hilarious with friends. Simple controls that anyone can pick up but enough depth to keep it interesting. Gets repetitive eventually but fun while it lasts."
"Terrible input lag","2022-08-11","2","The picture quality is great but the input lag makes competitive gaming impossible. Fine for single player games but useless for anything requiring quick reactions. Should have researched better."
"Perfect desk upgrade","2021-04-17","5","This motorized standing desk has been amazing for my health and productivity. The transition between sitting and standing is smooth and quiet. Cable management options are excellent too."
"Disappointing sequel","2020-01-25","3","The original was groundbreaking but this sequel plays it too safe. Same mechanics with minor improvements and the story doesn't add much to the mythology. Not bad but uninspired."
"Incredible voice acting","2019-08-06","5","The performances in this narrative game are absolutely phenomenal. Every character feels real and the emotional moments hit perfectly. Light on gameplay but the story more than makes up for it."
"Poor battery life","2023-03-12","3","The haptic feedback is really cool and adds a lot to games that support it, but the battery drains incredibly fast. Have to charge it daily which gets annoying for long gaming sessions."
"Amazing puzzle design","2022-07-09","5","Each puzzle in this game is brilliantly crafted. The difficulty ramps up perfectly and the 'aha' moments are so satisfying. One of the best puzzle games ever made with incredible attention to detail."
"Overpriced for performance","2021-09-16","2","This graphics card costs 50% more than competitors for maybe 10% better performance. The raytracing is nice but not worth the massive price premium. Better value options available."
"Perfect portable gaming","2020-12-05","5","This handheld console is a game changer for portable gaming. Can play my entire Steam library anywhere and the controls feel great. Battery life could be better but it's still amazing."
"Too many bugs","2019-05-13","2","This game had so much potential but it's completely broken. Constant crashes, game breaking bugs, and save file corruption. Maybe it'll be fixed eventually but avoid until then."
"Great upgrade from console","2023-01-07","4","Made the switch from console gaming and this PC delivers everything I hoped for. Higher frame rates, better graphics, and access to my entire game library. Learning curve but worth it."
"Excellent arcade racer","2022-11-28","5","This racing game strikes the perfect balance between realistic and arcade-style racing. Easy to pick up but hard to master. The track design is fantastic and multiplayer is addictive."
"Poor ergonomics","2021-06-21","2","This gaming chair looks great in pictures but it's incredibly uncomfortable. The lumbar support is in the wrong place and the armrests don't adjust properly. Returned after one week."
"Amazing retro compilation","2020-08-14","5","This collection includes dozens of classic games that still hold up today. Perfect emulation and tons of bonus content. Great value for anyone who wants to experience gaming history."
"Inconsistent performance","2019-11-05","3","Some games run flawlessly while others have stuttering and frame drops for no apparent reason. When it works it's great but the inconsistency is frustrating. Driver updates help sometimes."
"Perfect for beginners","2023-05-18","4","This tutorial-heavy RPG is great for people new to the genre. It explains mechanics clearly without being condescending. Veterans might find it too simple but it's perfect for newcomers."
"Terrible build quality","2022-02-12","1","This expensive gaming keyboard started having key failures after just 2 months. Multiple keys became unresponsive and the RGB lighting died. Completely unacceptable for the price point."
"Incredible atmosphere","2021-10-31","5","The world building in this survival horror game is absolutely incredible. Every location tells a story and the sound design creates constant tension. Not for the faint of heart but brilliantly crafted."
"Great for the money","2020-07-07","4","This budget graphics card delivers solid 1080p performance for the price. Won't run everything on ultra but it handles most games on high settings just fine. Perfect for casual gamers."
"Too much grinding","2019-12-18","3","The core gameplay is fun but the progression system requires way too much grinding. Unlocking new content takes forever and it feels like artificial padding. Great mechanics wasted on poor pacing."
"Perfect competitive mouse","2023-08-26","5","This lightweight gaming mouse is perfect for FPS games. The sensor is flawless and the clicks are crisp and responsive. Cable is super flexible and the weight distribution is ideal."
"Disappointing graphics","2022-06-30","3","Expected much better visuals for a next-gen exclusive. Looks barely better than last generation games and the art direction is uninspired. Gameplay is solid but visually disappointing."
"Amazing sound quality","2021-02-14","5","These studio monitor speakers provide incredibly accurate sound reproduction. Perfect for both gaming and music production. A bit expensive but worth it for the audio quality improvement."
"Poor software support","2020-09-28","2","The hardware is decent but the accompanying software is terrible. Buggy, crashes frequently, and missing basic features. The product is handicapped by poor software development."
"Incredible world design","2019-06-24","5","The environments in this open world game are absolutely stunning. Every area feels unique and purposeful. Exploration is constantly rewarded with beautiful vistas and hidden secrets."
"Battery swells after year","2023-04-08","2","Worked great for about a year then the battery started swelling and warping the case. Safety hazard that makes the device unusable. Poor quality control on the battery components."
"Perfect couch co-op","2022-12-03","5","This local multiplayer game is endlessly entertaining with friends. Simple concept executed perfectly with tight controls and hilarious moments. Best party game I've played in years."
"Terrible motion blur","2021-07-12","2","The response time on this monitor creates awful motion blur that makes fast-paced games look terrible. Fine for slow games but unusable for competitive gaming. Very disappointing purchase."
"Great value bundle","2020-03-09","4","This starter gaming bundle includes everything needed for a basic setup. Nothing is premium quality but everything works well together. Perfect for someone just getting into PC gaming."
"Incredible mod support","2019-09-01","5","The modding community has kept this game alive for years. Thousands of user-created mods add endless content and variety. The base game is good but mods make it legendary."
"Poor quality plastic","2023-02-19","2","This gaming accessory feels incredibly cheap despite the high price. The plastic is flimsy and started cracking within weeks of normal use. Expected much better build quality."
"Amazing puzzle platformer","2022-05-15","5","The level design in this indie game is absolutely brilliant. Each screen presents a new challenge that builds on previous mechanics. Difficulty is challenging but fair throughout."
"Connectivity issues","2021-11-24","3","The wireless connection drops frequently during gaming sessions which is incredibly frustrating during competitive matches. Wired mode works fine but defeats the purpose of wireless."
"Perfect desk lighting","2020-10-11","4","This RGB light strip transforms my gaming setup. The colors are vibrant and the software offers tons of customization options. Installation was easy and it looks amazing in photos."
"Repetitive mission design","2019-07-29","3","The core mechanics are solid but every mission follows the exact same formula. Go here, kill enemies, collect items, repeat. Gets old quickly despite good production values."
"Excellent customer service","2023-06-17","5","Had an issue with my order and customer service went above and beyond to fix it. Fast responses and they sent a replacement immediately. This is how all companies should treat customers."
"Poor thermal design","2022-09-21","2","This compact gaming PC runs way too hot and throttles performance constantly. The case design prioritizes looks over functionality. Needs better ventilation for sustained gaming sessions."
"Amazing character progression","2021-05-26","5","The RPG mechanics in this game are incredibly deep and satisfying. Every level up feels meaningful and there are countless ways to customize your character build. Hundreds of hours of content."
"Terrible software bugs","2020-12-12","2","The hardware works fine but the companion software is a buggy mess. Settings don't save, features randomly stop working, and it crashes frequently. Needs major software updates."
"Perfect for streaming","2019-10-08","4","This capture device makes streaming console games incredibly easy. Video quality is excellent and there's no noticeable input lag. Setup was straightforward with good documentation."
"Overpriced accessories","2023-03-25","2","The main product is fine but all the accessories are ridiculously overpriced. Basic cables cost 10x what they should and you need them for full functionality. Feels like a cash grab."
"Incredible boss fights","2022-08-04","5","The boss encounters in this action game are absolutely phenomenal. Each one requires different strategies and the patterns are challenging but learnable. Some of the best boss design ever."
"Poor quality control","2021-01-16","2","Multiple units had different defects out of the box. Seems like they don't test products before shipping. Quality control is non-existent and it shows in the product reliability."
"Great for productivity","2020-06-02","4","Bought this ultrawide monitor for gaming but it's been amazing for work too. Having multiple applications side by side is incredibly convenient. Colors are accurate for photo editing as well."
"Disappointing AI","2019-11-17","3","The enemy AI in this strategy game is predictable and exploitable. Once you figure out the patterns it becomes trivial to win. Multiplayer saves it but single player is disappointing."
"Perfect travel companion","2023-07-22","5","This portable gaming device is perfect for long flights and hotel rooms. Battery life is excellent and the game library is huge. Build quality feels premium and it fits easily in bags."
"Terrible input lag","2022-04-13","2","The wireless latency makes this completely unusable for competitive gaming. Fine for casual single player games but the delay is very noticeable in fast-paced situations."
"Amazing soundtrack","2021-08-05","5","The music in this indie game is absolutely beautiful. Each track perfectly matches the mood and atmosphere of different areas. I bought the soundtrack separately it's so good."
"Poor documentation","2020-09-14","3","The product works well once you figure it out but the manual is terrible and setup instructions are unclear. Had to watch YouTube videos to understand basic functionality."
"Incredible value","2019-05-21","5","This gaming bundle offers amazing value for money. Everything you need to start PC gaming at a fraction of the cost of buying components separately. Perfect for budget builds."
"Battery degradation","2023-01-31","3","Worked great for the first 8 months but now the battery barely holds a charge. Performance is still good when plugged in but the wireless functionality is basically useless now."
"Perfect racing experience","2022-11-16","5","This racing simulator with wheel support is incredibly immersive. The physics feel realistic and the track selection is massive. Best racing game I've ever played hands down."
"Poor build quality","2021-06-08","2","This premium gaming accessory feels like it's made from cheap materials despite the high price. Components feel flimsy and I'm worried about long-term durability."
"Amazing graphics upgrade","2020-02-23","5","The visual improvement from my old graphics card is night and day. Everything looks so much better and runs at higher frame rates. Best upgrade I've made to my gaming PC."
"Terrible customer service","2019-08-11","1","Product failed after 3 months and customer service refused to honor the warranty. Terrible support and they basically told me to buy a new one. Avoid this company completely."
"Great for beginners","2023-05-04","4","This entry level gaming mouse is perfect for people new to PC gaming. Good build quality and the price is very reasonable. Not for competitive players but great for casual gaming."
"Disappointing campaign","2022-07-27","3","The multiplayer is excellent but the single player campaign is forgettable. Generic story and uninspired level design. Worth it for multiplayer but skip the campaign entirely."
"Perfect portable setup","2021-12-19","5","This gaming laptop delivers desktop performance in a portable package. Build quality is excellent and it runs cool even under heavy load. Perfect for gaming on the go."
"Poor software integration","2020-08-23","2","The hardware is decent but it doesn't play well with other gaming software. Constant conflicts and compatibility issues make it more trouble than it's worth."
"Incredible world building","2019-10-27","5","The lore and world design in this RPG is absolutely incredible. Every location has history and purpose. Reading all the in-game books and codex entries is almost as fun as playing."
"Overheats constantly","2023-02-05","2","This gaming device gets uncomfortably hot during normal use and starts throttling performance. The cooling solution is clearly inadequate for the hardware inside."
"Amazing puzzle mechanics","2022-09-18","5","The puzzle design in this game is brilliant. Each new mechanic builds logically on previous ones and the difficulty curve is perfectly balanced. One of the best puzzle games ever made."
"Poor wireless range","2021-04-04","3","Works great when close to the receiver but the signal drops frequently from across the room. Range is much shorter than advertised and interference is a constant problem."
"Perfect for content creation","2020-11-29","4","This capture card works excellently for recording gameplay footage. Video quality is crisp and there's no performance impact on games. Essential tool for content creators."
"Terrible input method","2019-06-16","2","The controls for this game are absolutely awful. Unintuitive key bindings and no way to customize them properly. Great concept ruined by poor control implementation."
"Great upgrade path","2023-08-13","4","This modular gaming system allows for easy upgrades over time. Start with basic components and upgrade as needed. Smart design that saves money in the long run."
"Disappointing sequel","2022-01-02","3","The original was a masterpiece but this sequel feels like a cash grab. Same mechanics with minor tweaks and a forgettable story. Play the original instead."
"Perfect sound isolation","2021-07-18","5","These noise canceling headphones block out all external noise for perfect gaming immersion. Sound quality is excellent and they're comfortable for hours of use."
"Poor quality components","2020-04-26","2","Multiple parts of this gaming accessory failed within the first month. Cheap components that can't handle regular use. Complete waste of money."
"Amazing co-op gameplay","2019-09-22","5","This cooperative game is endlessly fun with friends. Perfect communication and teamwork mechanics that create hilarious moments. Best multiplayer experience in years."
"Terrible optimization","2023-04-15","2","This game runs terribly even on high-end hardware. Constant stuttering and frame drops make it nearly unplayable. Needs major performance patches."
"Perfect entry point","2022-10-08","4","This beginner-friendly game is perfect for people new to the genre. Excellent tutorials and forgiving difficulty curve. Veterans might find it too easy but great for newcomers."
"Poor long-term support","2021-01-30","3","The product was great at launch but the company has abandoned it completely. No updates or bug fixes for major issues. Feels like they took the money and ran."
"Incredible atmosphere","2020-12-17","5","The mood and atmosphere in this horror game is absolutely terrifying. Brilliant use of lighting and sound to create constant tension. Not for everyone but masterfully crafted."
"Overpriced for features","2019-11-13","2","This premium gaming accessory costs twice as much as competitors but doesn't offer any meaningful advantages. Pure brand tax with no justification for the price premium."
"Amazing retro aesthetic","2023-06-25","5","This indie game perfectly captures the look and feel of classic 16-bit games while adding modern conveniences. Nostalgia done right with excellent gameplay to back it up."
"Poor battery management","2022-03-14","3","The battery indicator is completely unreliable and the device often dies without warning. Makes it unreliable for important gaming sessions. Hardware is good otherwise."
"Perfect competitive balance","2021-09-07","5","This fighting game has incredible character balance and deep mechanics. Every fighter feels unique but viable. Will be playing this competitively for years to come."
"Terrible motion controls","2020-05-12","2","The motion control implementation is completely broken and unresponsive. Traditional controls work fine but the main gimmick of the game doesn't function properly."
"Great for casual play","2019-08-25","4","This puzzle game is perfect for short gaming sessions. Easy to pick up and put down without losing progress. Relaxing gameplay that's perfect for unwinding after work."
"Poor cable quality","2023-01-18","2","The included cables are terrible quality and started failing after just a few weeks. Having to buy expensive replacement cables defeats the purpose of the bundle deal."
"Incredible level editor","2022-06-11","5","The user-generated content tools in this game are incredibly powerful. Creating and sharing custom levels is almost as fun as playing them. Infinite replay value."
"Disappointing graphics","2021-11-01","3","Expected much better visuals for a current generation game. Looks like it could run on hardware from 5 years ago. Art direction is good but technical execution is lacking."
"Perfect for streaming","2020-08-19","4","This lighting setup makes my streams look professional without breaking the bank. Easy to set up and the software controls are intuitive. Great value for content creators."
"Terrible community","2019-12-07","2","The game itself is decent but the online community is absolutely toxic. Constant harassment and cheating make multiplayer unenjoyable. Stick to single player modes."
"Amazing physics sandbox","2023-03-08","5","This physics-based game offers unlimited creative possibilities. Building contraptions and watching them work (or fail spectacularly) never gets old. Pure digital playground."
"Poor quality assurance","2022-08-16","2","This game shipped with game-breaking bugs that should have been caught in testing. Feels like they used customers as beta testers. Wait for patches before buying."
"Perfect for kids","2021-05-19","4","This family-friendly game is perfect for playing with children. Simple controls and colorful graphics that keep kids engaged. Educational elements are well integrated."
"Overpriced DLC","2020-10-06","3","The base game is good but the DLC pricing is absolutely ridiculous. They're charging full game prices for a few hours of content. Wait for sales or skip entirely."
"Incredible boss design","2019-07-04","5","The boss fights in this action game are absolutely phenomenal. Each encounter is unique and requires different strategies. Some of the most memorable bosses in gaming."
"Poor ergonomic design","2023-05-29","2","This gaming controller looks cool but it's incredibly uncomfortable during long gaming sessions. Button placement is awkward and it causes hand cramps quickly."
"Amazing soundtrack","2022-12-24","5","The music in this game is absolutely beautiful. Each track perfectly complements the gameplay and story moments. Bought the soundtrack separately it's so good."
"Terrible save system","2021-08-20","2","This game has the worst save system I've ever encountered. Progress can be lost easily and checkpoints are few and far between. Ruins an otherwise decent game."
"Perfect for beginners","2020-03-15","4","This tutorial-heavy strategy game is great for people new to the genre. Explains complex mechanics clearly without being overwhelming. Veterans might find it too simple."
"Poor online stability","2019-10-14","3","Single player works fine but online multiplayer is plagued with connection issues and server crashes. When it works it's fun but the stability problems are frustrating."
"Incredible attention to detail","2023-07-07","5","Every aspect of this simulation game is meticulously crafted. The level of detail is incredible and it shows the developers' passion for the subject matter."
"Overpriced for content","2022-02-28","2","This game costs full price but only offers about 6 hours of content. No replay value and minimal features. Should be half the price for what you actually get."
"Great party game","2021-06-14","4","This local multiplayer game is hilarious with friends. Simple concept that anyone can understand but competitive enough to keep everyone engaged."
"Poor customer support","2020-09-20","2","Had multiple issues with this product and customer service was completely unhelpful. Long wait times and representatives who clearly don't understand their own products."
"Amazing visual style","2019-05-08","5","The art direction in this indie game is absolutely stunning. Unique visual style that perfectly matches the tone and themes. Screenshots don't do it justice."
"Terrible input lag","2023-04-12","2","The delay between input and action makes this completely unusable for timing-sensitive games. Fine for turn-based games but useless for anything requiring quick reactions."
"Perfect racing simulation","2022-11-05","5","This racing sim offers the most realistic driving experience available. Physics are spot-on and the car selection is massive. Must-have for racing enthusiasts."
"Poor build quality","2021-02-09","2","This expensive gaming peripheral started falling apart after just 2 months of normal use. Cheap materials and poor construction quality for the price point."
"Incredible storytelling","2020-07-17","5","The narrative in this adventure game is absolutely brilliant. Characters feel real and the plot twists are genuinely surprising. One of the best stories in gaming."
"Overheating issues","2019-11-23","3","Performance is good when it's not throttling due to heat. The cooling solution is inadequate and the device gets uncomfortably hot during extended gaming sessions."
"Slim profile mouse","2024-01-05","5","Slim and precise, this mouse fits my hand perfectly and the sensor is flawless. Great for both work and gaming."
"Cheap RGB","2023-11-12","3","Looks good on photos but the RGB software is buggy. Functional but not great long term."
"Silent mechanical switches","2022-09-30","4","Quiet but tactile — ideal for late-night sessions when others are sleeping."
"Wireless dongle issues","2022-07-21","2","Keeps disconnecting intermittently; returned after a week."
"Excellent price-to-performance","2021-12-05","5","For the cost this GPU delivers excellent 1440p performance. No regrets."
"Mediocre build","2021-08-19","3","Feels plasticky, but works. Not the premium product I expected."
"Comfortable headset","2020-10-02","4","Comfortable ear cups and good mids. Mic could be better."
"Broken after month","2020-06-14","1","Stopped working after a month. Warranty support was slow and unhelpful."
"Love the ecosystem","2019-11-29","5","Syncs perfectly with my other peripherals. Makes setup painless."
"Software keeps crashing","2019-07-07","2","Companion app is unstable and loses profiles often."
"Compact streaming mic","2019-03-22","4","Small footprint and great audio for a desktop setup."
"Plastic wheel","2018-12-01","2","Force feedback feels cheap because of the plastic wheel."
"Impressive latency","2018-06-18","5","Zero noticeable delay on wireless mode. Very impressive."
"Uncomfortable after hours","2018-02-10","3","Comfortable for short sessions but causes neck strain on long days."
"Great for mods","2024-03-03","5","Mod community support is excellent and adds endless replayability."
"Controller stopped charging","2023-10-29","2","Charging port failed after a few months, disappointing."
"Excellent FPS accuracy","2023-08-14","5","Sensor is perfect for shooters; has improved my aim."
"Average audio staging","2023-06-01","3","Good bass but directional audio is middling compared to higher-end headsets."
"Durable braided cable","2022-11-11","4","Braided cable feels sturdy and reduces tangling. Nice touch."
"RGB fades fast","2022-08-06","2","Colors dimmed noticeably after a few months."
"Best entry GPU","2022-04-20","5","Perfect for budget builds — great 1080p performance."
"Frame drops occasionally","2021-11-03","3","Mostly smooth, but frame drops in some newer titles. Drivers may fix it."
"Excellent crossplay","2021-07-29","5","Works perfectly across platforms and matchmaking is fair."
"Too heavy mouse","2021-03-12","2","Weight makes flick shots slow; not comfortable for long sessions."
"Great community support","2020-12-08","5","Active devs and frequent updates keep the game fresh."
"Noisy fans","2020-09-01","2","Fans are loud during intense sessions; bothersome."
"Perfect travel controller","2020-05-21","4","Small and reliable for handheld gaming on the go."
"Sticky keys after months","2019-12-13","2","Keys started sticking after a few months of heavy use."
"Excellent latency for streaming","2019-09-30","5","No noticeable lag when capturing full HD. Great for Twitch."
"Cheap feeling pad","2019-07-16","3","Surface is fine but edges fray quickly."
"Lovely soundtrack","2019-04-05","5","Music elevates every level and complements the pacing."
"Complicated setup","2018-12-22","3","Took hours to configure correctly but runs well once set."
"Perfect for couch co-op","2018-09-09","5","Simple local multiplayer game that's perfect for parties."
"Poor warranty process","2018-05-14","1","Warranty claim denied for unclear reasons. Avoid."
"Responsive keys","2018-02-01","4","Switches feel great and actuation is consistent."
"Overhyped monitor","2017-11-20","3","Looks great on specs but real-world performance is average."
"Fantastic skinning options","2024-02-10","5","Customization options let me personalize everything."
"Dodgy power cable","2023-12-02","2","Power cable frayed and sparked once, sent replacement."
"Amazing day-one patching","2023-09-17","4","Developer support fixed many issues quickly after launch."
"Controller drift fixed","2023-06-10","5","Replacement controller fixed the drift problem. Now performs perfectly."
"Muffled mic","2023-03-02","3","Voice quality is okay but muffled unless close to the mic."
"Excellent ergonomics","2022-12-19","5","Chair supports long sessions without back pain. Highly recommended."
"Mouse polling issues","2022-10-04","2","Random jumps detected at high DPI settings."
"Perfect startup pack","2022-07-26","4","Great bundle for new PC builders. Drivers had one or two issues but overall solid."
"Lag spikes occasionally","2022-05-13","3","Nice hardware but occasional network spikes affect online play."
"Incredible immersion","2022-02-28","5","VR experience was beyond expectations — fully immersive."
"Poor microphone quality","2021-12-16","2","Mic is tinny and lacks presence, not suitable for pro streaming."
"Sturdy aluminum frame","2021-10-02","5","Build quality is excellent and will likely last years."
"Choppy voice chat","2021-07-01","2","Mic cuts out intermittently during party chat."
"Perfect for photo mode","2021-04-18","4","Game has a fantastic photo mode that produces stunning shots."
"Too many paid skins","2021-01-06","3","Gameplay is fun but cosmetics cost too much."
"Fantastic AI improvements","2020-11-22","5","Recent patch greatly improved enemy behavior and makes the game feel smarter."
"Poor 4K performance","2020-08-09","2","Can't maintain stable framerate at 4K even with settings lowered."
"Great for LAN parties","2020-05-30","5","Reliable network code and low latency make it perfect for LAN events."
"Uncomfortable thumb buttons","2019-12-01","3","Thumb buttons are awkwardly placed and often misclick."
"Reliable overnight recording","2019-10-10","4","Recorded long sessions without crashes; files were intact and high quality."
"Cheap LEDs","2019-07-28","2","LEDs flicker unpredictably; returned product."
"Perfect morning sessions","2019-04-16","5","Matches are smooth and matchmaking is quick. Great for short morning play."
"Unclear refund policy","2019-01-05","2","Company refused refund citing policy fine print. Bad experience."
"Fantastic motion tracking","2018-10-30","5","Tracking precision makes VR interactions feel natural and precise."
"Buggy companion app","2018-08-12","2","App keeps crashing and losing my custom profiles."
"Beautiful art direction","2018-05-01","5","Art style is unique and consistent across the game."
"Unreliable Bluetooth","2018-02-27","3","Works well nearby but disconnects when moving around."
"Excellent long-term updates","2017-12-15","5","Developers continued improving the game for years. Great post-launch support."
"Screen bleeding issue","2017-09-04","2","Backlight bleeding made dark scenes look washed out."
"Comfortable wireless pad","2024-03-27","4","No latency and feels great under the palm. Battery lasts very well."
"Controls feel floaty","2023-11-03","3","Game controls lack precision; floats between frames."
"Quick charge feature helpful","2023-08-19","5","Charging feature gets me back in the game fast during breaks."
"Annoying DRM","2023-05-07","2","DRM prevents me from playing offline and led to a refund demand."
"Excellent matchmaking","2023-02-25","5","Matchmaking finds balanced games quickly and keeps play fair."
"Unbalanced microtransactions","2022-11-10","2","Pay-to-win elements ruin competitive balance."
"Stable 120hz","2022-08-01","4","Locking to 120Hz made gameplay smoother; love this monitor."
"Unreliable RGB sync","2022-04-20","3","Sync sometimes fails between devices and requires restarts."
"Perfect for speedrunning","2022-01-09","5","Tight controls and consistent physics make it ideal for speedrunners."
"Poor voice activation","2021-09-26","2","Voice commands misfire frequently and are more annoying than useful."
"Durable metal stand","2021-06-11","4","Sturdy and well built; holds heavy monitors without wobble."
"Patch ruined balance","2021-03-02","2","Recent update completely broke character balance and gameplay feels off."
"Great AI companions","2020-12-01","5","Companions behave intelligently and assist meaningfully in combat."
"Inconsistent controller mapping","2020-09-19","3","Controller layouts differ across menus leading to confusion."
"Impressive fan control","2020-06-06","4","Fans adjust smoothly and keep noise manageable under load."
"No crossplay support","2019-11-27","3","Would be perfect if crossplay were available; platform locks are limiting."
"Fantastic speed and boot times","2019-08-20","5","SSD upgrade reduced load times drastically, excellent purchase."
"Annoying notification spam","2019-05-09","2","In-game notifications are excessive and break immersion."
"Excellent community mods","2019-02-02","5","Mods from the community have added tons of fun features and fixes."
"Poor joystick centering","2018-11-18","2","Joystick drifts slightly off-center and affects precision in flight sims."
"Great HDR implementation","2018-07-01","4","HDR colors pop and improve visuals when supported."
"Unclear control prompts","2018-03-15","3","HUD prompts are inconsistent and not always helpful for new players."
"Solid long-term performance","2017-12-29","5","No slowdowns after months of heavy use. Still performs like new."
"Uncomfortable earbuds","2017-10-10","2","Earbuds hurt after an hour and fall out during movement."
"Fast support response","2024-04-10","5","Customer support resolved my issue within a day and followed up."
"Mac support lacking","2023-12-21","3","Works on Mac but missing key features available on Windows."
"Great ergonomics for small hands","2023-09-02","4","Perfect fit for smaller hand sizes; responsive buttons."
"RGB software bloated","2023-06-22","2","Software uses too much RAM and slows my system."
"Excellent voice chat clarity","2023-04-01","5","Voice calls are clear and easy to understand even in groups."
"Cheap velcro cable ties","2023-01-11","3","Cable ties included are flimsy and fell apart quickly."
"Perfect for photography mode","2022-10-29","5","Photo mode produces epic shots with tons of options."
"Unstable frame pacing","2022-07-03","3","Frame pacing issues cause microstutter at inconsistent intervals."
"Great ergonomic desk","2022-03-29","4","Desk surface is spacious and cable routing works well."
"Poor coil whine","2021-11-15","2","GPU coil whine is loud and irritating during quiet scenes."
"Excellent anti-ghosting","2021-08-02","5","Keyboard handles multiple simultaneous keypresses without issue."
"Confusing UI","2021-04-07","3","User interface feels cluttered and confusing at first glance."
"Perfect for LAN events","2021-01-20","4","Portable and reliable; perfect for bringing to tournaments."
"Unreliable app notifications","2020-10-27","2","Missed important updates due to buggy notifications."
"Amazing adaptive triggers","2020-07-12","5","Adaptive triggers add a tactile layer that improves immersion significantly."
"Poor motion sickness options","2019-12-04","2","Lack of comfort settings causes motion sickness for sensitive players."
"Fantastic mod tools","2019-09-12","5","Developer-provided tools make modding straightforward and powerful."
"Weak Bluetooth pairing","2019-06-01","3","Takes multiple attempts to pair with devices sometimes."
"Great long-term reliability","2019-02-25","5","Still running strong after years of daily use. Excellent reliability."
"Broken RGB after firmware","2018-12-28","2","Firmware update bricked the RGB controller until rollback."
"Comfortable thumb rest","2018-09-05","4","Thumb rest reduces fatigue during long matches."
"Poorly organized store","2018-06-02","3","In-game store is cluttered and difficult to navigate for good deals."
"Excellent tactile bump","2018-03-29","5","Switches have a satisfying tactile bump perfect for typing and gaming."
"Unreliable wireless charging","2017-11-11","2","Charging pad sometimes fails to charge, inconsistent performance."
"Great customer refund","2017-08-20","5","Received a full refund promptly when product was defective. Professional service."
"Average zoom mic","2014-05-01","1","(placeholder)"
"Wireless Pro Controller","2024-05-12","5","Excellent ergonomic feel, very responsive analog sticks, and long battery life — ideal for marathon sessions on the couch."
"Compact RGB Keyboard","2024-04-02","4","Small form factor with solid mechanical switches. Software customization is straightforward and the compact layout saves desk space."
"Flight Sim Pedals","2024-03-20","5","Robust build with smooth calibration. The pedals add a significant level of realism to flight simulators and feel durable under heavy use."
"Flight Sim Pedals (after 1 month)","2024-03-20","1","Its a trash!"
